Time (%),Total Time (ns),Instances,Avg (ns),Med (ns),Min (ns),Max (ns),StdDev (ns),Name
43.5,1463425200,1410,1037890.2,254799.0,43136,6244456,1659662.2,turing_fp16_s1688gemm_fp16_256x128_ldg8_f2f_tn
14.7,495832350,543,913135.1,964252.0,84608,978236,204855.4,turing_fp16_s1688gemm_fp16_256x128_ldg8_f2f_stages_32x1_tn
5.6,189933284,521,364555.2,366911.0,46304,932252,48422.5,"void at::native::<unnamed>::cunn_SoftMaxForward<(int)4, float, float, float, at::native::<unnamed>::SoftMaxForwardEpilogue>(T4 *, const T2 *, int)"
4.4,149156802,1280,116528.8,111536.0,53056,292990,55366.6,turing_fp16_s1688gemm_fp16_256x64_sliced1x2_ldg8_f2f_tn
4.2,140214377,521,269125.5,271135.0,2624,685501,36686.3,"void at::native::vectorized_elementwise_kernel<(int)4, at::native::BinaryFunctor<float, float, float, at::native::binary_internal::DivFunctor<float>>, std::array<char *, (unsigned long)3>>(int, T2, T3)"
3.0,100687300,1536,65551.6,13344.0,1440,699998,178199.4,triton_poi_fused_mul_silu_slice_1
2.8,95884792,521,184039.9,185439.0,2944,460798,24650.0,"void at::native::elementwise_kernel<(int)128, (int)2, void at::native::gpu_kernel_impl_nocast<at::native::BinaryFunctor<float, float, float, at::native::binary_internal::DivFunctor<float>>>(at::TensorIteratorBase &, const T1 &)::[lambda(int) (instance 1)]>(int, T3)"
2.4,80115228,352,227600.1,227871.0,223167,232703,2001.4,turing_fp16_s1688gemm_fp16_128x256_ldg8_f2f_stages_32x1_tn
2.3,76586847,521,146999.7,148032.0,3552,378815,20179.3,"void at::native::unrolled_elementwise_kernel<at::native::direct_copy_kernel_cuda(at::TensorIteratorBase &)::[lambda() (instance 3)]::operator ()() const::[lambda() (instance 7)]::operator ()() const::[lambda(float) (instance 1)], std::array<char *, (unsigned long)2>, (int)4, TrivialOffsetCalculator<(int)1, unsigned int>, TrivialOffsetCalculator<(int)1, unsigned int>, at::native::memory::LoadWithCast<(int)1>, at::native::memory::StoreWithCast<(int)1>>(int, T1, T2, T4, T5, T6, T7)"
1.9,63117269,1126,56054.4,48143.5,22208,946461,66974.4,turing_fp16_s1688gemm_fp16_128x64_sliced1x2_ldg8_f2f_tn
1.5,51790890,521,99406.7,100031.0,3744,252511,13577.6,"void at::native::<unnamed>::distribution_elementwise_grid_stride_kernel<float, (int)4, void at::native::templates::cuda::uniform_and_transform<float, float, at::CUDAGeneratorImpl *, void at::native::templates::cuda::exponential_kernel<at::CUDAGeneratorImpl *>(at::TensorIteratorBase &, double, T1)::[lambda() (instance 1)]::operator ()() const::[lambda() (instance 2)]::operator ()() const::[lambda(float) (instance 1)]>(at::TensorIteratorBase &, T3, T4)::[lambda(curandStatePhilox4_32_10 *) (instance 2)], void at::native::<unnamed>::distribution_nullary_kernel<float, float, float4, at::CUDAGeneratorImpl *, void at::native::templates::cuda::uniform_and_transform<float, float, at::CUDAGeneratorImpl *, void at::native::templates::cuda::exponential_kernel<at::CUDAGeneratorImpl *>(at::TensorIteratorBase &, double, T1)::[lambda() (instance 1)]::operator ()() const::[lambda() (instance 2)]::operator ()() const::[lambda(float) (instance 1)]>(at::TensorIteratorBase &, T3, T4)::[lambda(curandStatePhilox4_32_10 *) (instance 2)], void at::native::templates::cuda::exponential_kernel<at::CUDAGeneratorImpl *>(at::TensorIteratorBase &, double, T1)::[lambda() (instance 1)]::operator ()() const::[lambda() (instance 2)]::operator ()() const::[lambda(float) (instance 1)]>(at::TensorIteratorBase &, T4, const T5 &, T6)::[lambda(int, float) (instance 1)]>(long, at::PhiloxCudaState, T3, T4)"
1.5,51378982,523,98239.0,98143.0,30368,232095,13574.5,"void at::native::reduce_kernel<(int)512, (int)1, at::native::ReduceOp<float, at::native::ArgMaxOps<float>, unsigned int, long, (int)4, (int)4>>(T3)"
1.4,46723082,656,71224.2,72767.5,38336,292255,45132.6,turing_fp16_s1688gemm_fp16_128x128_ldg8_f2f_tn
1.3,43386986,1536,28246.7,6784.0,2656,296991,73737.4,triton_red_fused__to_copy_add_mean_mul_pow_rsqrt_2
1.2,39057037,128,305133.1,378526.5,41087,405087,134212.6,"void flashinfer::BatchPrefillWithPagedKVCacheKernel<flashinfer::KernelTraits<(flashinfer::MaskMode)1, (unsigned int)128, (unsigned int)2, (unsigned int)4, (unsigned int)4, (unsigned int)4, (unsigned int)4, (unsigned int)1, (flashinfer::PosEncodingMode)0, __half, __half, __half, float, int, flashinfer::DefaultAttention<(bool)0, (bool)0, (bool)0, (bool)0>>, PagedParams>(T2)"
1.1,36909551,688,53647.6,43312.0,5696,276511,52721.1,"void flashinfer::BatchPrefillWithPagedKVCacheKernel<flashinfer::KernelTraits<(flashinfer::MaskMode)0, (unsigned int)64, (unsigned int)1, (unsigned int)4, (unsigned int)4, (unsigned int)4, (unsigned int)4, (unsigned int)1, (flashinfer::PosEncodingMode)0, __half, __half, __half, float, int, flashinfer::DefaultAttention<(bool)0, (bool)0, (bool)0, (bool)0>>, PagedParams>(T2)"
1.1,36676281,2352,15593.7,6592.0,2368,226623,41658.3,"void vllm::reshape_and_cache_flash_kernel<unsigned short, unsigned short, (vllm::Fp8KVCacheDataType)0>(const T1 *, const T1 *, T2 *, T2 *, const long *, long, long, long, long, long, int, int, int, const float *, const float *, int)"
1.0,33753911,2,16876955.5,16876955.5,16525784,17228127,496631.5,_topk_topp_kernel
1.0,33241330,16,2077583.1,2082023.5,2053655,2091991,14137.8,"void at::native::vectorized_elementwise_kernel<(int)4, at::native::FillFunctor<signed char>, std::array<char *, (unsigned long)1>>(int, T2, T3)"
0.8,27866020,529,52676.8,25951.0,17568,877470,50908.0,void cutlass::Kernel2<cutlass_75_wmma_tensorop_f16_s161616gemm_f16_16x16_128x2_tn_align8>(T1::Params)
0.8,27188671,1536,17701.0,4944.0,2656,175136,44198.8,triton_red_fused__to_copy_add_mean_mul_pow_rsqrt_0
0.6,21689949,1440,15062.5,3712.0,1952,153248,38531.8,triton_poi_fused_3
0.4,11854481,96,123484.2,123407.5,120607,127296,1496.2,turing_fp16_s1688gemm_fp16_256x64_ldg8_f2f_stages_32x1_tn
0.2,8080644,224,36074.3,36287.5,32672,39104,1660.9,turing_fp16_s1688gemm_fp16_64x64_sliced1x4_ldg8_f2f_tn
0.2,6007463,224,26819.0,26752.0,25408,28608,801.7,turing_fp16_s1688gemm_fp16_128x128_ldg8_f2f_stages_32x1_tn
0.2,5340745,65,82165.3,113600.0,24256,884028,110394.7,"std::enable_if<!T7, void>::type internal::gemvx::kernel<int, int, __half, __half, __half, float, (bool)0, (bool)1, (bool)1, (bool)0, (int)6, (bool)0, cublasGemvParamsEx<int, cublasGemvTensorStridedBatched<const __half>, cublasGemvTensorStridedBatched<const __half>, cublasGemvTensorStridedBatched<__half>, float>>(T13)"
0.1,4017421,576,6974.7,6848.0,1600,13152,3504.4,"void flashinfer::PersistentVariableLengthMergeStatesKernel<(unsigned int)8, (unsigned int)8, (unsigned int)16, (unsigned int)4, __half, __half, int>(T5 *, float *, T7 *, T6 *, float *, unsigned int, unsigned int *, unsigned int)"
0.1,3784533,1698,2228.8,1568.0,1152,58624,5582.5,"void at::native::vectorized_elementwise_kernel<(int)4, at::native::FillFunctor<c10::Half>, std::array<char *, (unsigned long)1>>(int, T2, T3)"
0.1,3610257,96,37606.8,22832.0,20288,70592,22169.3,void cutlass::Kernel2<cutlass_75_wmma_tensorop_f16_s161616gemm_f16_32x32_128x2_tn_align8>(T1::Params)
0.1,3467634,768,4515.1,4544.0,2464,6080,930.8,"void cublasLt::splitKreduce_kernel<(int)32, (int)16, int, __half, __half, float, __half, (bool)0, __half, __half, __half, (bool)1, (bool)0, (bool)0>(cublasLt::cublasSplitKParams<T6>, const T4 *, const T10 *, T9 *, T5 *, const T6 *, const T6 *, const T11 *, const T4 *, T11 *, void *, long, T6 *, int *, T6 *, T6 *, const T6 *, const T6 *, const T6 *, const T6 *, const T6 *)"
0.1,2713135,2318,1170.5,1216.0,896,1952,128.5,"void at::native::vectorized_elementwise_kernel<(int)2, at::native::FillFunctor<long>, std::array<char *, (unsigned long)1>>(int, T2, T3)"
0.1,2497688,64,39026.4,37807.5,16640,62912,22032.4,"std::enable_if<!T7, void>::type internal::gemvx::kernel<int, int, __half, __half, __half, float, (bool)0, (bool)1, (bool)1, (bool)0, (int)7, (bool)0, cublasGemvParamsEx<int, cublasGemvTensorStridedBatched<const __half>, cublasGemvTensorStridedBatched<const __half>, cublasGemvTensorStridedBatched<__half>, float>>(T13)"
0.0,1682364,96,17524.6,4704.0,3104,186815,45010.4,triton_red_fused__to_copy_add_embedding_mean_mul_pow_rsqrt_0
0.0,1485589,689,2156.2,2048.0,1728,5408,381.7,"void at::native::vectorized_gather_kernel<(int)16, long>(char *, char *, T2 *, int, long, long, long, long, bool)"
0.0,1458935,96,15197.2,3984.0,2176,152255,38691.4,triton_poi_fused_1
0.0,1130751,519,2178.7,2176.0,1856,2688,68.4,"void at::native::unrolled_elementwise_kernel<at::native::direct_copy_kernel_cuda(at::TensorIteratorBase &)::[lambda() (instance 3)]::operator ()() const::[lambda() (instance 4)]::operator ()() const::[lambda(long) (instance 1)], std::array<char *, (unsigned long)2>, (int)4, TrivialOffsetCalculator<(int)1, unsigned int>, TrivialOffsetCalculator<(int)1, unsigned int>, at::native::memory::LoadWithCast<(int)1>, at::native::memory::StoreWithCast<(int)1>>(int, T1, T2, T4, T5, T6, T7)"
0.0,1054778,523,2016.8,1920.0,1696,2784,214.1,"void at::native::unrolled_elementwise_kernel<at::native::direct_copy_kernel_cuda(at::TensorIteratorBase &)::[lambda() (instance 3)]::operator ()() const::[lambda() (instance 3)]::operator ()() const::[lambda(int) (instance 1)], std::array<char *, (unsigned long)2>, (int)4, TrivialOffsetCalculator<(int)1, unsigned int>, TrivialOffsetCalculator<(int)1, unsigned int>, at::native::memory::LoadWithCast<(int)1>, at::native::memory::StoreWithCast<(int)1>>(int, T1, T2, T4, T5, T6, T7)"
0.0,992542,590,1682.3,1632.0,1440,2624,168.8,_copy_page_indices_kernel
0.0,697341,1,697341.0,697341.0,697341,697341,0.0,"void at::native::vectorized_elementwise_kernel<(int)4, at::native::FillFunctor<unsigned char>, std::array<char *, (unsigned long)1>>(int, T2, T3)"
0.0,642206,519,1237.4,1184.0,1024,13248,735.4,"void at::native::vectorized_elementwise_kernel<(int)4, at::native::FillFunctor<int>, std::array<char *, (unsigned long)1>>(int, T2, T3)"
0.0,599872,519,1155.8,1152.0,1088,1376,33.1,"void at::native::unrolled_elementwise_kernel<at::native::CUDAFunctorOnSelf_add<int>, std::array<char *, (unsigned long)2>, (int)4, TrivialOffsetCalculator<(int)1, unsigned int>, TrivialOffsetCalculator<(int)1, unsigned int>, at::native::memory::LoadWithoutCast, at::native::memory::StoreWithoutCast>(int, T1, T2, T4, T5, T6, T7)"
0.0,127167,1,127167.0,127167.0,127167,127167,0.0,"void at::native::<unnamed>::CatArrayBatchedCopy_vectorized<at::native::<unnamed>::OpaqueType<(unsigned int)4>, unsigned int, (int)2, (int)128, (int)1, (int)16, (int)4>(char *, at::native::<unnamed>::CatArrInputTensorMetadata<T1, T2, T4, T5>, at::native::<unnamed>::TensorSizeStride<T2, (unsigned int)4>, int, T2)"
0.0,101984,16,6374.0,6368.0,6176,6464,68.4,"void flashinfer::BatchPrefillWithPagedKVCacheKernel<flashinfer::KernelTraits<(flashinfer::MaskMode)1, (unsigned int)64, (unsigned int)1, (unsigned int)4, (unsigned int)4, (unsigned int)4, (unsigned int)4, (unsigned int)1, (flashinfer::PosEncodingMode)0, __half, __half, __half, float, int, flashinfer::DefaultAttention<(bool)0, (bool)0, (bool)0, (bool)0>>, PagedParams>(T2)"
0.0,99935,77,1297.9,1248.0,1215,2304,178.6,"void at::native::vectorized_elementwise_kernel<(int)4, at::native::FillFunctor<float>, std::array<char *, (unsigned long)1>>(int, T2, T3)"
0.0,88992,1,88992.0,88992.0,88992,88992,0.0,"void at::native::vectorized_elementwise_kernel<(int)4, at::native::float16_copy_kernel_cuda(at::TensorIteratorBase &)::[lambda(float) (instance 1)], std::array<char *, (unsigned long)2>>(int, T2, T3)"
0.0,71999,1,71999.0,71999.0,71999,71999,0.0,"void at::native::vectorized_elementwise_kernel<(int)4, at::native::sin_kernel_cuda(at::TensorIteratorBase &)::[lambda() (instance 2)]::operator ()() const::[lambda() (instance 2)]::operator ()() const::[lambda(float) (instance 1)], std::array<char *, (unsigned long)2>>(int, T2, T3)"
0.0,71711,35,2048.9,2176.0,1504,2304,252.8,"void <unnamed>::elementwise_kernel_with_index<int, at::native::arange_cuda_out(const c10::Scalar &, const c10::Scalar &, const c10::Scalar &, at::Tensor &)::[lambda() (instance 1)]::operator ()() const::[lambda() (instance 3)]::operator ()() const::[lambda(long) (instance 1)]>(T1, T2, function_traits<T2>::result_type *)"
0.0,70496,1,70496.0,70496.0,70496,70496,0.0,"void at::native::vectorized_elementwise_kernel<(int)4, at::native::cos_kernel_cuda(at::TensorIteratorBase &)::[lambda() (instance 2)]::operator ()() const::[lambda() (instance 2)]::operator ()() const::[lambda(float) (instance 1)], std::array<char *, (unsigned long)2>>(int, T2, T3)"
0.0,32543,1,32543.0,32543.0,32543,32543,0.0,"void at::native::elementwise_kernel<(int)128, (int)2, void at::native::gpu_kernel_impl_nocast<at::native::BinaryFunctor<float, float, float, at::native::binary_internal::MulFunctor<float>>>(at::TensorIteratorBase &, const T1 &)::[lambda(int) (instance 1)]>(int, T3)"
0.0,26560,5,5312.0,5024.0,4864,5984,533.5,"void at::native::index_elementwise_kernel<(int)128, (int)4, void at::native::gpu_index_kernel<void at::native::index_kernel_impl<at::native::OpaqueType<(int)2>>(at::TensorIteratorBase &, c10::ArrayRef<long>, c10::ArrayRef<long>)::[lambda(char *, const char *, long) (instance 1)]>(at::TensorIteratorBase &, c10::ArrayRef<long>, c10::ArrayRef<long>, const T1 &, bool)::[lambda(int) (instance 1)]>(long, T3)"
0.0,13311,6,2218.5,2416.0,1536,2495,383.7,"void at::native::vectorized_elementwise_kernel<(int)4, void at::native::compare_scalar_kernel<float>(at::TensorIteratorBase &, at::native::<unnamed>::OpType, T1)::[lambda(float) (instance 1)], std::array<char *, (unsigned long)2>>(int, T2, T3)"
0.0,11104,4,2776.0,2832.0,2592,2848,123.6,"void at::native::index_elementwise_kernel<(int)128, (int)4, void at::native::gpu_index_kernel<void at::native::index_kernel_impl<at::native::OpaqueType<(int)4>>(at::TensorIteratorBase &, c10::ArrayRef<long>, c10::ArrayRef<long>)::[lambda(char *, const char *, long) (instance 1)]>(at::TensorIteratorBase &, c10::ArrayRef<long>, c10::ArrayRef<long>, const T1 &, bool)::[lambda(int) (instance 1)]>(long, T3)"
0.0,10656,2,5328.0,5328.0,5088,5568,339.4,"void at::native::<unnamed>::distribution_elementwise_grid_stride_kernel<float, (int)4, void at::native::templates::cuda::uniform_and_transform<c10::Half, float, at::CUDAGeneratorImpl *, void at::native::templates::cuda::uniform_kernel<at::CUDAGeneratorImpl *>(at::TensorIteratorBase &, double, double, T1)::[lambda() (instance 1)]::operator ()() const::[lambda() (instance 3)]::operator ()() const::[lambda(float) (instance 1)]>(at::TensorIteratorBase &, T3, T4)::[lambda(curandStatePhilox4_32_10 *) (instance 2)], void at::native::<unnamed>::distribution_nullary_kernel<c10::Half, float, float4, at::CUDAGeneratorImpl *, void at::native::templates::cuda::uniform_and_transform<c10::Half, float, at::CUDAGeneratorImpl *, void at::native::templates::cuda::uniform_kernel<at::CUDAGeneratorImpl *>(at::TensorIteratorBase &, double, double, T1)::[lambda() (instance 1)]::operator ()() const::[lambda() (instance 3)]::operator ()() const::[lambda(float) (instance 1)]>(at::TensorIteratorBase &, T3, T4)::[lambda(curandStatePhilox4_32_10 *) (instance 2)], void at::native::templates::cuda::uniform_kernel<at::CUDAGeneratorImpl *>(at::TensorIteratorBase &, double, double, T1)::[lambda() (instance 1)]::operator ()() const::[lambda() (instance 3)]::operator ()() const::[lambda(float) (instance 1)]>(at::TensorIteratorBase &, T4, const T5 &, T6)::[lambda(int, float) (instance 1)]>(long, at::PhiloxCudaState, T3, T4)"
0.0,8224,4,2056.0,2048.0,1920,2208,129.0,"void at::native::_scatter_gather_elementwise_kernel<(int)128, (int)8, void at::native::_cuda_scatter_gather_internal_kernel<(bool)1, at::native::OpaqueType<(int)4>, long>::operator ()<at::native::TensorAssign>(at::TensorIterator &, long, long, long, const T1 &)::[lambda(int) (instance 1)]>(int, T3)"
0.0,5728,4,1432.0,1440.0,1408,1440,16.0,"void at::native::vectorized_elementwise_kernel<(int)4, at::native::BUnaryFunctor<float, float, float, at::native::binary_internal::MulFunctor<float>>, std::array<char *, (unsigned long)2>>(int, T2, T3)"
0.0,5408,3,1802.7,1824.0,1728,1856,66.6,"void at::native::vectorized_elementwise_kernel<(int)4, at::native::reciprocal_kernel_cuda(at::TensorIteratorBase &)::[lambda() (instance 1)]::operator ()() const::[lambda() (instance 2)]::operator ()() const::[lambda(float) (instance 1)], std::array<char *, (unsigned long)2>>(int, T2, T3)"
0.0,4512,2,2256.0,2256.0,2240,2272,22.6,"void at::native::elementwise_kernel<(int)128, (int)2, void at::native::gpu_kernel_impl_nocast<at::native::<unnamed>::where_kernel_impl(at::TensorIterator &)::[lambda() (instance 1)]::operator ()() const::[lambda() (instance 11)]::operator ()() const::[lambda(bool, float, float) (instance 1)]>(at::TensorIteratorBase &, const T1 &)::[lambda(int) (instance 1)]>(int, T3)"
0.0,4288,2,2144.0,2144.0,2144,2144,0.0,"void at::native::vectorized_elementwise_kernel<(int)2, at::native::<unnamed>::where_kernel_impl(at::TensorIterator &)::[lambda() (instance 1)]::operator ()() const::[lambda() (instance 8)]::operator ()() const::[lambda(bool, long, long) (instance 1)], std::array<char *, (unsigned long)4>>(int, T2, T3)"
0.0,4224,3,1408.0,1408.0,1376,1440,32.0,"void at::native::vectorized_elementwise_kernel<(int)4, at::native::AUnaryFunctor<float, float, float, at::native::binary_internal::MulFunctor<float>>, std::array<char *, (unsigned long)2>>(int, T2, T3)"
0.0,4128,2,2064.0,2064.0,1344,2784,1018.2,"void <unnamed>::elementwise_kernel_with_index<int, at::native::arange_cuda_out(const c10::Scalar &, const c10::Scalar &, const c10::Scalar &, at::Tensor &)::[lambda() (instance 1)]::operator ()() const::[lambda() (instance 7)]::operator ()() const::[lambda(long) (instance 1)]>(T1, T2, function_traits<T2>::result_type *)"
0.0,3392,2,1696.0,1696.0,1632,1760,90.5,"void at::native::vectorized_elementwise_kernel<(int)4, at::native::FillFunctor<bool>, std::array<char *, (unsigned long)1>>(int, T2, T3)"
0.0,3232,2,1616.0,1616.0,1568,1664,67.9,"void at::native::vectorized_elementwise_kernel<(int)4, at::native::<unnamed>::where_kernel_impl(at::TensorIterator &)::[lambda() (instance 1)]::operator ()() const::[lambda() (instance 11)]::operator ()() const::[lambda(bool, float, float) (instance 1)], std::array<char *, (unsigned long)4>>(int, T2, T3)"
0.0,3104,1,3104.0,3104.0,3104,3104,0.0,"void at::native::elementwise_kernel<(int)128, (int)4, void at::native::gpu_kernel_impl<at::native::<unnamed>::pow_tensor_tensor_kernel(at::TensorIteratorBase &)::[lambda() (instance 1)]::operator ()() const::[lambda() (instance 7)]::operator ()() const::[lambda(float, float) (instance 1)]>(at::TensorIteratorBase &, const T1 &)::[lambda(int) (instance 1)]>(int, T3)"
0.0,3008,2,1504.0,1504.0,1504,1504,0.0,"void at::native::vectorized_elementwise_kernel<(int)4, at::native::BinaryFunctor<float, float, float, at::native::binary_internal::MulFunctor<float>>, std::array<char *, (unsigned long)3>>(int, T2, T3)"
0.0,1504,1,1504.0,1504.0,1504,1504,0.0,"void at::native::vectorized_elementwise_kernel<(int)4, at::native::CUDAFunctor_add<float>, std::array<char *, (unsigned long)3>>(int, T2, T3)"
0.0,1472,1,1472.0,1472.0,1472,1472,0.0,"void at::native::vectorized_elementwise_kernel<(int)4, at::native::CUDAFunctorOnOther_add<float>, std::array<char *, (unsigned long)2>>(int, T2, T3)"
0.0,1408,1,1408.0,1408.0,1408,1408,0.0,"void at::native::vectorized_elementwise_kernel<(int)4, at::native::CUDAFunctorOnSelf_add<float>, std::array<char *, (unsigned long)2>>(int, T2, T3)"
0.0,1312,1,1312.0,1312.0,1312,1312,0.0,"void at::native::vectorized_elementwise_kernel<(int)2, at::native::FillFunctor<double>, std::array<char *, (unsigned long)1>>(int, T2, T3)"
0.0,1024,1,1024.0,1024.0,1024,1024,0.0,"void at::native::unrolled_elementwise_kernel<at::native::FillFunctor<long>, std::array<char *, (unsigned long)1>, (int)4, TrivialOffsetCalculator<(int)0, unsigned int>, TrivialOffsetCalculator<(int)1, unsigned int>, at::native::memory::LoadWithoutCast, at::native::memory::StoreWithoutCast>(int, T1, T2, T4, T5, T6, T7)"
